"Team_ID","Team_Abbreviation","Team_City","Team_Name","Team_Full_Name"
1611661330,"ATL","Atlanta","Dream","Atlanta Dream"
1611661329,"CHI","Chicago","Sky","Chicago Sky"
1611661323,"CON","Connecticut","Sun","Connecticut Sun"
1611661321,"DAL","Dallas","Wings","Dallas Wings"
1611661331,"GSV","Golden State","Valkyries","Golden State Valkyries"
1611661325,"IND","Indiana","Fever","Indiana Fever"
1611661319,"LVA","Las Vegas","Aces","Las Vegas Aces"
1611661320,"LAS","Los Angeles","Sparks","Los Angeles Sparks"
1611661324,"MIN","Minnesota","Lynx","Minnesota Lynx"
1611661313,"NYL","New York","Liberty","New York Liberty"
1611661317,"PHX","Phoenix","Mercury","Phoenix Mercury"
1611661327,"PDX","Portland","Fire","Portland Fire"
1611661328,"SEA","Seattle","Storm","Seattle Storm"
1611661332,"TOR","Toronto","Tempo","Toronto Tempo"
1611661322,"WAS","Washington","Mystics","Washington Mystics"
