playerId,First_Name,Last_name,Jersey_Num,Team_ID,Team_City,Team_Name,Team_Abbreviation,Frames,Gravity,GravityScoreAvg,onballperimeter_Frames,onballperimeter_Gravity,onballperimeter_GravityScoreAvg,offBallPerimeter_Frames,offBallPerimeter_Gravity,offBallPerimeter_GravityScoreAvg,onBallInterior_Frames,onBallInterior_Gravity,onBallInterior_GravityScoreAvg,offBallInterior_Frames,offBallInterior_Gravity,offBallInterior_GravityScoreAvg,GP,MPG,PPG,RPG,APG
1629497,Marina,Mabrey,3,1611661332,Toronto,Tempo,TOR,123485,13.0157200000,13.0056930,27724,10.7498400000,10.4283998,73616,13.9496400000,14.1232929,5104,8.7617600000,7.8225483,17041,13.5310000000,13.9224504,25,29.40000000000,19.90000000000,3.60000000000,3.80000000000
1642785,Sonia,Citron,22,1611661322,Washington,Mystics,WAS,203704,9.5366363636,9.6504412,42206,1.8217575757,1.2217464,120333,10.8437272727,10.9846022,8206,3.8335454545,3.0345932,32959,17.3489696969,17.2200035,33,33.10000000000,16.40000000000,3.50000000000,4.40000000000
1631009,Rhyne,Howard,10,1611661330,Atlanta,Dream,ATL,203859,8.3550857142,8.6398227,45817,0.3892000000,0.5210090,127843,9.7661142857,9.9546348,6521,4.0211714285,3.4953925,23678,18.0620000000,18.6668816,35,34.30000000000,18.00000000000,3.90000000000,3.80000000000
203825,Kayla,McBride,21,1611661324,Minnesota,Lynx,MIN,201973,7.5200769230,7.8203398,20934,-0.5895897435,0.4783795,149202,8.5178717948,8.9258770,4345,-4.3399487179,-3.6130016,27492,9.1475641025,9.2182504,39,32.50000000000,18.50000000000,3.00000000000,2.20000000000
1629524,Bridget,Carleton,6,1611661327,Portland,Fire,PDX,192861,7.5225277777,7.5921598,22815,-1.7700277777,-1.6237443,130252,7.9932222222,8.0046043,6303,-0.4303055555,-1.2416566,33491,13.7423611111,13.9281316,36,30.60000000000,14.20000000000,4.50000000000,2.10000000000
1627674,Kahleah,Copper,2,1611661317,Phoenix,Mercury,PHX,179870,7.2467941176,6.8953157,27156,0.3619705882,-0.8072077,118738,8.3715000000,8.2538425,8497,-1.1224705882,-0.4084312,25479,11.3650294117,11.2099246,34,33.30000000000,21.60000000000,3.70000000000,1.90000000000
1643425,Azzi,Fudd,35,1611661321,Dallas,Wings,DAL,140004,6.6477307692,6.6062677,16207,-3.5099230769,-3.6114035,93472,8.4995384615,8.5801801,4130,-9.2129615384,-10.1914915,26195,8.1721538461,8.5327451,26,31.80000000000,13.50000000000,1.70000000000,1.70000000000
1628909,Kelsey,Mitchell,0,1611661325,Indiana,Fever,IND,168897,5.5274411764,5.8799723,33937,-4.6823823529,-4.5464848,100315,8.7610000000,9.1719434,8539,-1.8431470588,-4.0998208,26106,9.8708235294,10.0496675,34,32.40000000000,24.40000000000,1.60000000000,2.90000000000
1629477,Sabrina,Ionescu,20,1611661313,New York,Liberty,NYL,142208,5.5701923076,5.7253721,40063,-0.2956153846,-0.0912640,71441,8.3371538461,8.3767610,6543,-3.4478076923,-2.4705888,24161,9.1233846153,9.7500774,26,30.20000000000,14.30000000000,4.00000000000,4.50000000000
1628277,Allisha,Gray,15,1611661330,Atlanta,Dream,ATL,211047,5.1517500000,5.5482289,23796,-3.1590833333,-2.9715446,161385,5.7540833333,6.1102579,7424,1.2549444444,2.8547019,18442,12.3355833333,12.7084311,36,32.80000000000,19.20000000000,3.40000000000,2.70000000000
1642286,Caitlin,Clark,22,1611661325,Indiana,Fever,IND,147025,4.9313225806,4.7717130,56472,3.1880645161,3.0348908,66477,7.2153225806,7.1244643,12289,-4.8628064516,-5.8938125,11787,11.4576774193,10.9429176,31,29.90000000000,21.50000000000,3.90000000000,8.10000000000
1628932,A'ja,Wilson,22,1611661319,Las Vegas,Aces,LVA,157646,4.5597333333,4.6961098,15132,-0.2241666666,-0.1365516,66115,2.2769000000,2.5320026,13563,4.9144333333,4.1714835,62836,8.1751333333,8.2500894,30,32.10000000000,25.30000000000,9.70000000000,3.00000000000
1642784,Paige,Bueckers,5,1611661321,Dallas,Wings,DAL,174082,3.8972903225,3.9554468,52777,-2.5008387096,-2.4957191,86232,7.1913870967,7.3655113,11974,0.7868387096,1.4573557,23099,7.2712258064,7.2597428,31,33.00000000000,20.50000000000,4.10000000000,5.90000000000
1643428,Flau'jae,Johnson,4,1611661328,Seattle,Storm,SEA,173613,3.1850270270,3.2813673,27607,-2.0306486486,-1.5929766,119611,4.3924054054,4.3160276,8691,-2.7530270270,-4.5397060,17704,6.9301081081,7.7319447,37,28.50000000000,14.30000000000,4.90000000000,2.90000000000
1629546,Marine,Johannes,23,1611661313,New York,Liberty,NYL,124301,2.9898285714,3.2184511,24353,-3.3861714285,-3.0243416,81488,3.6306285714,4.2128855,2083,-8.8498285714,-11.0174709,16377,9.5410857142,9.3636844,35,20.80000000000,8.70000000000,2.10000000000,2.30000000000
1629498,Jackie,Young,0,1611661319,Las Vegas,Aces,LVA,158439,2.8385333333,2.8303683,50820,-0.4183666666,-0.2429881,81756,4.0347666666,4.0395119,7995,-0.5214666666,-1.5686690,17868,8.5518333333,8.0072915,30,31.90000000000,17.80000000000,4.50000000000,6.70000000000
1630446,Michaela,Onyenwere,12,1611661322,Washington,Mystics,WAS,155146,2.8239090909,2.8008536,9457,-6.1160606060,-6.3184799,118904,2.6093636363,2.5173957,2965,-3.5592727272,-1.0583096,23820,8.3994848484,8.3164998,33,25.10000000000,8.90000000000,2.60000000000,1.70000000000
1628878,Ariel,Atkins,7,1611661320,Los Angeles,Sparks,LAS,159858,2.4391428571,2.6619731,17204,-5.5766571428,-5.5307412,114982,2.5966571428,2.9727847,3282,-7.3518000000,-5.5995319,24390,8.1774285714,8.0873995,35,27.30000000000,8.50000000000,2.80000000000,3.10000000000
1642767,Janelle,Salaun,13,1611661331,Golden State,Valkyries,GSV,160312,1.9804054054,2.5601943,13081,-3.7164594594,-2.6354151,107470,0.6926486486,1.3348434,4035,-5.2799189189,-1.0895977,35726,8.3083513513,8.5610917,37,22.10000000000,12.90000000000,3.90000000000,1.20000000000
1629482,Sophie,Cunningham,8,1611661325,Indiana,Fever,IND,106932,2.2876060606,2.5345903,6737,-6.6149696969,-6.1736183,85252,2.2812424242,2.6737089,1033,-7.1090606060,-10.8420851,13910,6.4834242424,6.8925781,33,22.50000000000,8.30000000000,2.40000000000,1.30000000000
1630996,Rae,Burrell,12,1611661320,Los Angeles,Sparks,LAS,170304,2.0197777777,2.3391332,22939,-3.2057777777,-2.2544865,119488,3.1013888888,3.2600508,10343,-4.5660555555,-3.6524598,17534,5.0351944444,5.6073768,36,29.00000000000,14.10000000000,2.30000000000,2.40000000000
1630097,Kaila,Charles,6,1611661331,Golden State,Valkyries,GSV,146977,1.9016410256,2.2461959,10833,-5.9910000000,-6.0592376,113698,2.1509230769,2.4990237,2999,-7.7393589743,-9.0738526,19447,6.8472051282,7.1407475,39,19.50000000000,6.10000000000,4.40000000000,1.40000000000
1642292,Jacy,Sheldon,0,1611661329,Chicago,Sky,CHI,112474,0.7207222222,1.9768102,16206,-4.5918055555,-3.7096757,82322,2.6715833333,3.1763859,3202,-5.9365000000,-6.4055474,10744,1.5203333333,3.8612815,36,21.10000000000,6.60000000000,1.30000000000,1.60000000000
204319,Jewell,Loyd,24,1611661319,Las Vegas,Aces,LVA,127383,1.4270689655,1.5244321,11687,-5.5533793103,-5.7789924,89897,1.4916551724,1.6759541,1326,-14.3902413793,-13.9958137,24473,6.1528275862,5.2959204,29,26.40000000000,8.60000000000,2.40000000000,1.50000000000
1628931,Gabby,Williams,1,1611661331,Golden State,Valkyries,GSV,183308,1.3342777777,1.3623560,33411,-3.5530555555,-3.2693004,126839,2.8941388888,2.8254619,8061,-7.7967500000,-7.5922125,14997,4.6525000000,4.1195327,36,24.60000000000,13.90000000000,3.30000000000,2.20000000000
1629481,Arike,Ogunbowale,24,1611661321,Dallas,Wings,DAL,166307,1.3012727272,1.1524714,28073,-4.9558484848,-5.7993343,110158,2.3550909090,2.3297694,6555,-8.4452424242,-11.8058605,21521,7.7262424242,8.1420985,33,30.10000000000,15.30000000000,3.10000000000,3.50000000000
1641649,Diamond,Miller,1,1611661323,Connecticut,Sun,CON,128158,0.8511388888,1.0910829,14633,-6.0859166666,-3.6054368,88409,1.1220555555,0.8092003,4818,-0.1611111111,2.8758694,20298,5.6219166666,5.2807145,36,22.30000000000,9.40000000000,2.60000000000,1.40000000000
1629568,Kennedy,Burke,25,1611661323,Connecticut,Sun,CON,123758,0.2279393939,0.9590102,10845,-5.6628181818,-4.8015581,80679,-0.7529696969,-0.3380951,2872,-0.8223636363,1.1701981,29362,4.9740000000,6.6301943,33,23.70000000000,8.30000000000,3.20000000000,1.50000000000
1627675,Courtney,Williams,10,1611661324,Minnesota,Lynx,MIN,184761,0.8364473684,0.8500371,45774,-5.2557368421,-4.8784757,120823,3.5311315789,3.4612991,5508,-10.0865789473,-10.2420729,12656,3.1279736842,1.4665268,38,30.60000000000,13.90000000000,5.10000000000,4.50000000000
201886,DeWanna,Bonner,24,1611661330,Atlanta,Dream,ATL,148710,1.0189705882,0.8467907,12767,-9.7447058823,-10.2524604,108901,0.7767058823,0.6894477,3551,-8.2148235294,-6.4142478,23491,8.7744705882,8.7059320,34,27.50000000000,10.60000000000,6.00000000000,1.60000000000
1643449,Charlisse,Leger-Walker,4,1611661323,Connecticut,Sun,CON,138753,0.2078055555,0.6682286,40118,-1.8626111111,-0.8092185,77926,0.2908888888,0.4232992,5255,-4.9795277777,-3.8670032,15454,4.6984444444,7.2793858,36,23.20000000000,6.80000000000,2.40000000000,3.60000000000
1629567,Natisha,Hiedeman,2,1611661328,Seattle,Storm,SEA,189722,0.5948611111,0.6363463,64710,-1.4578333333,-1.9314566,102982,2.1218888888,2.2327926,9623,-2.9743055555,-3.4137690,12407,5.0074722222,3.9192085,36,30.10000000000,15.20000000000,2.60000000000,5.00000000000
1642289,Kamilla,Cardoso,10,1611661329,Chicago,Sky,CHI,144068,-0.4478571428,0.6318042,9407,-10.1628857142,-11.2084029,60024,-4.7894857142,-4.1767319,6435,-4.0847142857,-3.4874487,68202,5.1184285714,6.8853286,35,26.60000000000,14.60000000000,8.60000000000,2.50000000000
203014,Nneka,Ogwumike,30,1611661320,Los Angeles,Sparks,LAS,184770,0.3088611111,0.3988406,19653,-6.3713055555,-6.0201382,98517,-2.8765000000,-2.9516043,9109,-0.2456388888,0.1662904,57491,7.9265277777,8.3715114,36,31.10000000000,17.10000000000,9.20000000000,3.00000000000
1643443,Awa,Fam,11,1611661328,Seattle,Storm,SEA,150805,0.1416969696,0.3495522,12854,-4.3287272727,-3.1801483,86682,-1.0918787878,-0.8366464,4735,-3.9058181818,-5.5313877,46534,4.6532121212,4.1326875,33,27.90000000000,10.70000000000,5.80000000000,1.80000000000
1643493,Noemie,Brochant,1,1611661317,Phoenix,Mercury,PHX,135559,-0.1249714285,0.1541734,13085,-8.3874857142,-8.8692910,99573,0.1687428571,0.4994685,2873,-13.5361142857,-12.5188423,20028,5.4828857142,6.1501122,35,22.90000000000,5.70000000000,1.90000000000,1.70000000000
1627668,Breanna,Stewart,30,1611661313,New York,Liberty,NYL,207385,-0.0146944444,0.0738269,34285,-6.3909722222,-7.4798543,111521,0.0880833333,0.2840241,11513,-5.2589722222,-5.2974627,50066,5.6407777777,6.0130110,36,33.00000000000,20.20000000000,8.10000000000,3.40000000000
1642792,Kiki,Iriafen,44,1611661322,Washington,Mystics,WAS,175356,-0.3211176470,-0.2832599,11913,-7.1381176470,-8.1765812,75887,-8.0450882352,-7.5653728,8192,-3.4903235294,-2.9115236,79364,8.0203823529,8.1360244,34,28.00000000000,15.00000000000,9.20000000000,1.60000000000
203833,Chelsea,Gray,12,1611661319,Las Vegas,Aces,LVA,164294,-0.3780000000,-0.3368806,50491,-1.8823666666,-1.7384871,93203,-0.6250000000,-0.5749232,7152,-1.4341000000,-0.9762582,13448,6.3890333333,6.9161157,30,33.10000000000,12.00000000000,3.00000000000,6.90000000000
1642291,Angel,Reese,5,1611661330,Atlanta,Dream,ATL,196209,-0.8404000000,-0.3691820,16763,-12.1787428571,-11.8798023,82608,-4.2578285714,-3.9530525,10221,-6.8582857142,-7.2497001,86617,5.6571428571,6.0883610,35,31.10000000000,15.90000000000,12.20000000000,2.80000000000
1629484,Megan,DiLeo,17,1611661327,Portland,Fire,PDX,150884,-0.8623714285,-0.7792917,6232,-4.3294571428,-3.4288790,87395,-3.2484857142,-3.0857273,2755,-9.6125142857,-11.5939967,54502,3.3510285714,3.7685850,35,24.30000000000,13.00000000000,4.20000000000,1.00000000000
203866,Kayla,Thornton,5,1611661331,Golden State,Valkyries,GSV,184263,-1.0090256410,-0.8623831,7548,-7.2778974358,-8.2188840,146467,-1.7123076923,-1.5135603,1668,-14.6514358974,-20.9560383,28580,4.7969743589,5.5905794,39,23.70000000000,7.50000000000,4.30000000000,0.60000000000
1642798,Dominique,Malonga,14,1611661328,Seattle,Storm,SEA,136997,-0.6966451612,-0.8865717,12592,-6.9982580645,-6.1737816,65777,-2.9306774193,-3.3479257,8672,-7.4247741935,-6.0431811,49956,4.5882258064,4.5819236,31,26.50000000000,17.40000000000,8.80000000000,1.60000000000
1629576,Maria,Conde,10,1611661332,Toronto,Tempo,TOR,118163,-1.5824230769,-1.5370307,12744,-4.2270769230,-4.3272222,85737,-1.9837307692,-1.8567247,3661,-2.2530384615,-1.3727380,16021,2.3979230769,2.3558204,26,26.20000000000,8.60000000000,4.80000000000,2.30000000000
1631022,Shakira,Austin,0,1611661322,Washington,Mystics,WAS,187147,-1.6173428571,-1.6270778,22195,-8.0154571428,-7.7837334,83974,-5.9991142857,-6.0010349,14064,-4.0168857142,-3.2531001,66914,6.0980857142,6.2460344,35,29.20000000000,16.40000000000,9.40000000000,2.50000000000
1631019,NaLyssa,Smith,3,1611661319,Las Vegas,Aces,LVA,119370,-1.5397857142,-1.6943771,4798,-13.4867142857,-12.1056538,34149,-6.4258214285,-6.8177621,4165,-11.2482857142,-10.8648504,76258,1.9278571428,1.7558291,28,24.40000000000,11.40000000000,6.50000000000,0.90000000000
204329,Kiah,Stokes,41,1611661331,Golden State,Valkyries,GSV,163556,-1.5200526315,-1.7630813,10072,-9.0463157894,-10.7602368,85701,-3.3195263157,-3.8322735,1660,-19.6477894736,-22.3375301,66123,2.5620526315,2.8060662,38,22.20000000000,3.60000000000,5.60000000000,1.20000000000
1642781,Georgia,Amoore,8,1611661322,Washington,Mystics,WAS,152279,-2.0921666666,-1.9704980,57580,-6.0859444444,-5.3650961,78299,-0.3146666666,-0.3704375,5716,-3.8818888888,-2.8103826,10684,4.1640833333,5.0479158,36,23.00000000000,6.70000000000,1.50000000000,3.40000000000
1631083,Emily,Engstler,21,1611661327,Portland,Fire,PDX,160709,-2.5097297297,-2.3332767,9587,-8.4850540540,-8.4237219,102801,-3.7039189189,-3.6905243,6690,-16.0464054054,-17.7629109,41631,3.9155405405,4.9002520,37,24.40000000000,9.60000000000,5.60000000000,2.10000000000
1643426,Olivia,Miles,5,1611661324,Minnesota,Lynx,MIN,180629,-2.7145277777,-2.6765459,70742,-6.0998333333,-6.3720266,85370,1.1522777777,1.2750202,14502,-11.2863055555,-10.9800448,10015,1.1440555555,1.7641404,36,31.20000000000,19.90000000000,4.70000000000,6.20000000000
1627673,Jonquel,Jones,35,1611661313,New York,Liberty,NYL,178252,-2.5841351351,-2.6954217,23351,-5.3878918918,-5.6170141,97348,-4.0856216216,-4.0545617,6049,-8.6115405405,-8.5401370,51504,2.1992702702,1.8845179,37,28.20000000000,15.00000000000,9.20000000000,2.60000000000
1631007,Veronica,Burton,22,1611661331,Golden State,Valkyries,GSV,213026,-2.6004615384,-2.7665609,82293,-6.6876410256,-7.0267110,102945,0.6423333333,0.6887530,12091,-12.1880512820,-12.2536491,15697,4.0185641025,4.2145329,39,28.20000000000,11.90000000000,3.50000000000,5.70000000000
1642303,Leila,Lacan,47,1611661323,Connecticut,Sun,CON,107529,-3.5588400000,-2.8000449,39253,-7.9950000000,-7.3931401,52756,-3.1609600000,-1.9832419,5319,2.2845600000,2.9222244,10201,6.8554000000,7.6664727,25,28.00000000000,11.20000000000,1.90000000000,4.30000000000
204324,Dearica,Hamby,5,1611661320,Los Angeles,Sparks,LAS,174802,-4.0805945945,-2.9498337,16362,-10.0075675675,-9.7750989,88879,-7.3731621621,-6.3431306,7602,-6.8722162162,-6.5057377,61959,2.5146756756,4.1563997,37,28.90000000000,14.60000000000,7.10000000000,2.40000000000
1631136,Pauline,Astier,18,1611661313,New York,Liberty,NYL,158774,-2.8118947368,-2.9833973,39268,-7.7604210526,-7.9609502,81375,-1.7436842105,-1.8059750,9292,-9.5901052631,-9.8950835,28839,3.4027894736,2.6988136,38,23.10000000000,8.30000000000,2.50000000000,3.40000000000
1643420,Laura,Juskaite,2,1611661332,Toronto,Tempo,TOR,126930,-4.2929677419,-3.7476470,11242,-6.4125806451,-4.8046256,81253,-5.8348709677,-5.3773321,5448,-9.4651612903,-8.6850622,28987,1.7079354838,2.1583796,31,24.90000000000,9.80000000000,4.40000000000,1.70000000000
1631141,Jade,Melbourne,5,1611661328,Seattle,Storm,SEA,165366,-4.1114736842,-3.7984038,52582,-7.7417631578,-6.9705482,92552,-2.7487894736,-2.0870459,6905,-7.7296578947,-8.4926641,13327,0.0748157894,-0.7365380,38,24.90000000000,9.60000000000,2.10000000000,3.80000000000
204333,Natasha,Cloud,9,1611661329,Chicago,Sky,CHI,170978,-4.0991714285,-3.9360635,52547,-9.4394285714,-9.0196828,98629,-1.9313142857,-1.8640691,6994,-7.6814000000,-6.1869089,12808,1.9045714285,2.1943824,35,28.60000000000,11.10000000000,3.60000000000,5.00000000000
1631044,Naz,Hillmon,00,1611661330,Atlanta,Dream,ATL,179241,-4.4245714285,-4.3771633,12691,-12.8561428571,-12.8115267,126557,-5.8056000000,-5.7101833,2790,-9.0104571428,-10.3468713,37203,3.4430000000,3.4828659,35,29.40000000000,9.50000000000,4.70000000000,1.50000000000
1627700,Julie,Allemand,22,1611661332,Toronto,Tempo,TOR,100314,-4.5340476190,-4.5548233,31453,-7.6566190476,-7.4418228,60646,-3.1889047619,-3.1614337,2716,-19.9626190476,-16.4264031,5499,1.8049047619,2.4544968,21,29.10000000000,6.60000000000,2.90000000000,5.40000000000
203827,Natasha,Howard,1,1611661324,Minnesota,Lynx,MIN,176692,-4.9974615384,-4.6044721,16851,-11.0106923076,-10.6166496,73843,-5.6753076923,-5.5251880,10471,-14.2661282051,-14.2410776,75527,-1.4190512820,-1.0268455,39,29.10000000000,14.90000000000,7.80000000000,3.30000000000
1642304,Carla,Leite,0,1611661327,Portland,Fire,PDX,152770,-4.6495000000,-4.9069989,81374,-5.7269411764,-6.3749704,48153,-3.0552058823,-2.5289840,12395,-9.5437941176,-10.3884225,10848,0.6995000000,1.8117468,34,25.70000000000,15.90000000000,2.20000000000,6.20000000000
1628269,Nia,Brodie,12,1611661324,Minnesota,Lynx,MIN,144294,-5.2342564102,-4.9539368,10323,-11.3205641025,-11.8142016,105569,-5.4142820512,-4.8384004,2589,-21.2253076923,-23.5974418,25813,-0.7904615384,-0.8130171,39,23.00000000000,6.40000000000,4.50000000000,1.80000000000
204365,Erica,Wheeler,17,1611661320,Los Angeles,Sparks,LAS,165978,-5.0821621621,-5.1868241,55058,-8.7591351351,-8.5468164,94528,-4.0499459459,-4.0493208,6733,-9.5505405405,-8.4062934,9659,4.6540270270,5.0781955,37,26.80000000000,8.90000000000,1.90000000000,5.20000000000
1642809,Saniya,Rivers,22,1611661323,Connecticut,Sun,CON,115133,-4.8885161290,-5.4274951,22730,-9.9192903225,-9.2582445,78474,-4.3880645161,-4.9599370,4572,-5.5609032258,-8.2422537,9357,2.2550322580,1.3331849,31,22.50000000000,6.80000000000,2.40000000000,3.00000000000
1629491,Jessica,Shepard,32,1611661321,Dallas,Wings,DAL,169308,-5.2650000000,-5.5886214,24794,-11.8106129032,-12.2883126,58650,-5.6672580645,-6.3421410,12385,-15.5358709677,-16.4888161,73479,-0.9541290322,-0.8891474,31,32.00000000000,14.40000000000,11.50000000000,5.70000000000
1641648,Aliyah,Boston,7,1611661325,Indiana,Fever,IND,120987,-5.7323333333,-5.6462162,19528,-10.8518666666,-10.8150198,62780,-6.4612000000,-6.5969145,8922,-16.0013000000,-15.7556689,29757,2.0813000000,2.7826932,30,27.00000000000,17.10000000000,7.90000000000,3.00000000000
203826,Alyssa,Thomas,25,1611661317,Phoenix,Mercury,PHX,183501,-6.4587142857,-5.8492625,47123,-11.8090000000,-10.8221137,72309,-5.7605428571,-5.1805176,15783,-10.1561142857,-9.0739122,48286,-1.6452285714,-0.9431868,35,33.50000000000,13.70000000000,7.80000000000,8.30000000000
1628886,Jordin,Canada,3,1611661330,Atlanta,Dream,ATL,193149,-7.1173888888,-7.0594678,63945,-11.6747777777,-11.6519011,103550,-4.9231111111,-4.9444286,12998,-9.5836666666,-9.6737474,12656,0.8573611111,1.5247734,36,31.50000000000,11.50000000000,3.60000000000,7.10000000000
