"playerId","First_Name","Last_Name","Full_Name","School","Country","Draft_Year","Draft_Round","Draft_Number","Rookie_Year","Team_ID","Team_Abbreviation","All_Teams_2026","Games_In_Data","In_Leaderboard","In_Sample_Game"
1642777,"Monique","Akoa Makani","Monique Akoa Makani",,"Cameroon",,,,2025,"1611661320","LAS","PHX / LAS",25,FALSE,FALSE
203405,"Kayla","Alexander","Kayla Alexander","Syracuse","Canada",2013,1,8,2013,"1611661332","TOR","TOR",3,FALSE,FALSE
1627700,"Julie","Allemand","Julie Allemand","Castors Braine","Belgium",2016,3,33,2020,"1611661332","TOR","TOR",21,TRUE,FALSE
204296,"Rebecca","Allen","Rebecca Allen","Melbourne","Australia",,,,2015,"1611661313","NYL","NYL",24,FALSE,FALSE
1641656,"Laeticia","Amihere","Laeticia Amihere","South Carolina","Canada",2023,1,8,2023,"1611661331","GSV","GSV",33,FALSE,FALSE
1642781,"Georgia","Amoore","Georgia Amoore","Kentucky","Australia",2025,1,6,2026,"1611661322","WAS","WAS",36,TRUE,FALSE
1643448,"Nell","Angloma","Nell Angloma",,"France",2026,1,12,2026,"1611661323","CON","CON",33,FALSE,FALSE
1631136,"Pauline","Astier","Pauline Astier",,"France",,,,2026,"1611661313","NYL","NYL",37,TRUE,FALSE
1628878,"Ariel","Atkins","Ariel Atkins","Texas-Austin","USA",2018,1,7,2018,"1611661320","LAS","LAS",35,TRUE,FALSE
1631022,"Shakira","Austin","Shakira Austin","Mississippi","USA",2022,1,3,2022,"1611661322","WAS","WAS",35,TRUE,FALSE
204468,"Valeriane","Ayayi","Valeriane Ayayi","France","France",,,,2015,"1611661317","PHX","PHX",31,FALSE,FALSE
1627671,"Rachel","Banham","Rachel Banham","Minnesota","USA",2016,1,4,2016,"1611661329","CHI","CHI",34,FALSE,FALSE
1643706,"Ornella","Bankole","Ornella Bankole",,"France",,,,2026,"1611661332","TOR","TOR",6,FALSE,FALSE
1643434,"Janiah","Barker","Janiah Barker","Tennessee","USA",2026,2,29,,"1611661319","LVA","LVA",5,FALSE,FALSE
1642782,"Sarah Ashlee","Barker","Sarah Ashlee Barker","Alabama","USA",2025,1,9,2025,"1611661327","PDX","PDX",27,FALSE,FALSE
1643441,"Raegan","Beers","Raegan Beers","Oklahoma","USA",,,,2026,"1611661323","CON","CON",33,FALSE,FALSE
1631006,"Kierstan","Bell","Kierstan Bell","Florida Gulf Coast","USA",2022,1,11,2022,"1611661319","LVA","LVA",23,FALSE,FALSE
1643427,"Lauren","Betts","Lauren Betts","UCLA","USA",2026,1,4,2026,"1611661322","WAS","WAS",36,FALSE,FALSE
1631064,"Chloe","Bibby","Chloe Bibby","Maryland","Australia",,,,2025,"1611661324","MIN","CHI / MIN",8,FALSE,FALSE
1628881,"Monique","Billings","Monique Billings","UCLA","USA",2018,2,15,2018,"1611661325","IND","IND",33,FALSE,TRUE
201886,"DeWanna","Bonner","DeWanna Bonner","Auburn","USA",2009,1,5,2009,"1611661330","ATL","PHX / ATL",34,TRUE,FALSE
1642302,"Isobel","Borlase","Isobel Borlase","Adelaide","Australia",2024,2,20,2026,"1611661330","ATL","ATL",36,FALSE,FALSE
1641648,"Aliyah","Boston","Aliyah Boston","South Carolina","USA",2023,1,1,2023,"1611661325","IND","IND",30,TRUE,TRUE
1642287,"Cameron","Brink","Cameron Brink","Stanford","USA",2024,1,2,2024,"1611661320","LAS","LAS",28,FALSE,FALSE
1643493,"Noemie","Brochant","Noemie Brochant",,"France",,,,2026,"1611661317","PHX","PHX",35,TRUE,FALSE
1628269,"Nia","Brodie","Nia Brodie","Northwestern","USA",2017,1,5,2017,"1611661324","MIN","MIN",39,TRUE,TRUE
1629480,"Kalani","Brown","Kalani Brown","Baylor","USA",2019,1,7,2019,"1611661319","LVA","LVA",1,FALSE,FALSE
1628882,"Lexie","Brown","Lexie Brown","Duke","USA",2018,1,9,2018,"1611661328","SEA","SEA",9,FALSE,FALSE
1642784,"Paige","Bueckers","Paige Bueckers","Connecticut","USA",2025,1,1,2025,"1611661321","DAL","DAL",31,TRUE,FALSE
1643494,"Frieda","Buhner","Frieda Buhner",,"Germany",2026,2,17,2026,"1611661327","PDX","PDX",31,FALSE,FALSE
1629568,"Kennedy","Burke","Kennedy Burke","UCLA","USA",2019,2,22,2019,"1611661323","CON","CON",33,TRUE,FALSE
1630996,"Rae","Burrell","Rae Burrell","Tennessee","USA",2022,1,9,2022,"1611661320","LAS","LAS",36,TRUE,FALSE
1631007,"Veronica","Burton","Veronica Burton","Northwestern","USA",2022,1,7,2022,"1611661331","GSV","GSV",39,TRUE,FALSE
1630471,"Maya","Caldwell","Maya Caldwell","Georgia","USA",2021,3,33,2022,"1611661324","MIN","MIN",39,FALSE,TRUE
1628886,"Jordin","Canada","Jordin Canada","UCLA","USA",2018,1,5,2018,"1611661330","ATL","ATL",36,TRUE,FALSE
1628242,"Emma","Cannon","Emma Cannon","Florida Southern","USA",,,,2017,"1611661320","LAS","LAS",15,FALSE,FALSE
1642289,"Kamilla","Cardoso","Kamilla Cardoso","South Carolina","Brazil",2024,1,3,2024,"1611661329","CHI","CHI",35,TRUE,FALSE
1629524,"Bridget","Carleton","Bridget Carleton","Iowa State","Canada",2019,2,21,2019,"1611661327","PDX","PDX",36,TRUE,FALSE
1630384,"Raquel","Carrera","Raquel Carrera","Valencia BC","Spain",2021,2,15,2026,"1611661313","NYL","NYL",23,FALSE,FALSE
1630096,"DiJonai","Carrington","DiJonai Carrington","Baylor","USA",2021,2,20,2021,"1611661329","CHI","CHI",15,FALSE,FALSE
1630150,"Chennedy","Carter","Chennedy Carter","Texas A&M","USA",2020,1,4,2020,"1611661319","LVA","LVA",8,FALSE,FALSE
1643487,"Quionche","Carter","Quionche Carter","Florida Gulf Coast","USA",,,,2026,"1611661317","PHX","PHX",11,FALSE,FALSE
1643488,"Emma","Cechova","Emma Cechova","Czech Republic","Czech Republic",,,,2026,"1611661324","MIN","MIN",3,FALSE,FALSE
1630097,"Kaila","Charles","Kaila Charles","Maryland","USA",2020,2,23,2020,"1611661331","GSV","GSV",39,TRUE,FALSE
1642822,"Kaitlyn","Chen","Kaitlyn Chen","Connecticut","USA",2025,3,30,2025,"1611661331","GSV","GSV",39,FALSE,FALSE
1643470,"Shay","Ciezki","Shay Ciezki","Indiana","USA",,,,2026,"1611661317","PHX","PHX",6,FALSE,FALSE
1642785,"Sonia","Citron","Sonia Citron","Notre Dame","USA",2025,1,3,2025,"1611661322","WAS","WAS",33,TRUE,FALSE
202252,"Alysha","Clark","Alysha Clark","Middle Tennessee","USA",2010,2,17,2012,"1611661321","DAL","DAL",21,FALSE,FALSE
1642286,"Caitlin","Clark","Caitlin Clark","Iowa","USA",2024,1,1,2024,"1611661325","IND","IND",31,TRUE,TRUE
204333,"Natasha","Cloud","Natasha Cloud","St. Joseph's (PA)","USA",2015,2,15,2015,"1611661329","CHI","CHI",35,TRUE,FALSE
1629483,"Napheesa","Collier","Napheesa Collier","Connecticut","USA",2019,1,6,2019,"1611661324","MIN","MIN",13,FALSE,TRUE
1629576,"Maria","Conde","Maria Conde","Florida State","Spain",2019,3,27,2026,"1611661332","TOR","TOR",26,TRUE,FALSE
1641660,"Zia","Cooke","Zia Cooke","South Carolina","USA",2023,1,10,2023,"1611661328","SEA","SEA",38,FALSE,FALSE
1627674,"Kahleah","Copper","Kahleah Copper","Rutgers","USA",2016,1,7,2016,"1611661317","PHX","PHX",34,TRUE,FALSE
1642786,"Aicha","Coulibaly","Aicha Coulibaly","Texas A&M","Mali",2025,2,22,2026,"1611661329","CHI","CHI",25,FALSE,FALSE
1629482,"Sophie","Cunningham","Sophie Cunningham","Missouri","USA",2019,2,13,2019,"1611661325","IND","IND",34,TRUE,TRUE
203024,"Damiris","Dantas","Damiris Dantas","Real Celta Vigo","Brazil",2012,1,12,2014,"1611661325","IND","IND",12,FALSE,FALSE
1643489,"Antonia","Delaere","Antonia Delaere",,"Belgium",,,,2026,"1611661324","MIN","MIN",36,FALSE,TRUE
203400,"Skylar","Diggins","Skylar Diggins","Notre Dame","USA",2013,1,3,2013,"1611661329","CHI","CHI",17,FALSE,FALSE
1629484,"Megan","DiLeo","Megan DiLeo","Iowa","USA",2019,2,17,2019,"1611661327","PDX","PDX",35,TRUE,FALSE
203828,"Stefanie","Dolson","Stefanie Dolson","Connecticut","USA",2014,1,6,2014,"1611661328","SEA","SEA",39,FALSE,FALSE
1643455,"Angela","Dugalic","Angela Dugalic","UCLA","USA",2026,1,9,2026,"1611661322","WAS","WAS",29,FALSE,FALSE
1643454,"Kara","Dunn","Kara Dunn","Southern California","USA",,,,2026,"1611661317","PHX","PHX",2,FALSE,FALSE
1642290,"Aaliyah","Edwards","Aaliyah Edwards","Connecticut","Canada",2024,1,6,2024,"1611661323","CON","CON",25,FALSE,FALSE
1631083,"Emily","Engstler","Emily Engstler","Louisville","USA",2022,1,4,2022,"1611661327","PDX","PDX",37,TRUE,FALSE
1630389,"Dana","Evans","Dana Evans","Louisville","USA",2021,2,13,2021,"1611661319","LVA","LVA",13,FALSE,FALSE
1627701,"Temi","Fagbenle","Temi Fagbenle","Harvard","United Kingdom",2016,3,35,2017,"1611661332","TOR","TOR",16,FALSE,FALSE
1643443,"Awa","Fam","Awa Fam",,"Spain",2026,1,3,2026,"1611661328","SEA","SEA",34,TRUE,FALSE
1641675,"Dulcy","Fankam Mendjiadeu","Dulcy Fankam Mendjiadeu","South Florida","USA",2023,2,21,2023,"1611661321","DAL","DAL",1,FALSE,FALSE
1630108,"Mariella","Fasoula","Mariella Fasoula","Vanderbilt","Greece",,,,2026,"1611661332","TOR","TOR",3,FALSE,FALSE
1630469,"Marine","Fauthoux","Marine Fauthoux","                                   ","France",2021,3,29,2026,"1611661313","NYL","NYL",17,FALSE,FALSE
1642790,"Sania","Feagin","Sania Feagin","South Carolina","USA",2025,2,21,2025,"1611661327","PDX","LAS / PDX",5,FALSE,FALSE
1630142,"Leonie","Fiebich","Leonie Fiebich","                                   ","Germany",2020,2,22,2024,"1611661313","NYL","NYL",19,FALSE,FALSE
1643686,"Nadia","Fingall","Nadia Fingall","Stanford","USA",,,,2026,"1611661331","GSV","GSV",9,FALSE,FALSE
1643644,"Alicia","Florez","Alicia Florez",,"Spain",,,,2026,"1611661322","WAS","WAS",31,FALSE,FALSE
1643525,"Alex","Fowler","Alex Fowler","Portland","Australia",,,,2026,"1611661313","NYL","NYL",1,FALSE,FALSE
1643425,"Azzi","Fudd","Azzi Fudd","Connecticut","USA",2026,1,1,2026,"1611661321","DAL","DAL",25,TRUE,FALSE
203822,"Rebekah","Gardner","Rebekah Gardner","UCLA","USA",,,,2022,"1611661313","NYL","NYL",36,FALSE,FALSE
1630143,"Luisa","Geiselsoder","Luisa Geiselsoder","                                   ","Germany",2020,2,21,2025,"1611661327","PDX","PDX",22,FALSE,FALSE
1628277,"Allisha","Gray","Allisha Gray","South Carolina","USA",2017,1,4,2017,"1611661330","ATL","ATL",36,TRUE,FALSE
1643462,"Chance","Gray","Chance Gray","Ohio State","USA",2026,2,24,2026,"1611661320","LAS","LAS",35,FALSE,FALSE
203833,"Chelsea","Gray","Chelsea Gray","Duke","USA",2014,1,11,2015,"1611661319","LVA","LVA",30,TRUE,FALSE
1642791,"Zaay","Green","Zaay Green","Alabama","USA",2025,3,32,2026,"1611661332","TOR","TOR",3,FALSE,FALSE
1642826,"Aubrey","Griffin","Aubrey Griffin","Connecticut",,2025,3,37,2026,"1611661313","NYL","NYL",2,FALSE,FALSE
203398,"Brittney","Griner","Brittney Griner","Baylor","USA",2013,1,1,2013,"1611661323","CON","CON",20,FALSE,FALSE
1643832,"Aminata","Gueye","Aminata Gueye",,"France",,,,2026,"1611661331","GSV","GSV",1,FALSE,FALSE
1642788,"Bree","Hall","Bree Hall","South Carolina","USA",2025,2,20,2025,"1611661325","IND","IND",6,FALSE,FALSE
204324,"Dearica","Hamby","Dearica Hamby","Wake Forest","USA",2015,1,6,2015,"1611661320","LAS","LAS",37,TRUE,FALSE
1629566,"Xu","Han","Han Xu","                                   ","China",2019,2,14,2019,"1611661313","NYL","NYL",37,FALSE,FALSE
1643450,"Rori","Harmon","Rori Harmon","Texas","USA",2026,3,34,2026,"1611661322","WAS","WAS",17,FALSE,FALSE
1630112,"Tyasha","Harris","Tyasha Harris","South Carolina","USA",2020,1,7,2020,"1611661325","IND","IND",29,FALSE,TRUE
204330,"Isabelle","Harrison","Isabelle Harrison","Tennessee","USA",2015,1,12,2016,"1611661332","TOR","TOR",22,FALSE,FALSE
1643527,"Jordan","Harrison","Jordan Harrison","West Virginia","USA",,,,2026,"1611661327","PDX","PDX",14,FALSE,FALSE
203026,"Tiffany","Hayes","Tiffany Hayes","Connecticut","USA",2012,2,14,2012,"1611661331","GSV","GSV",37,FALSE,FALSE
1631118,"Lexi","Held","Lexi Held","DePaul","USA",,,,2025,"1611661317","PHX","TOR / PHX",35,FALSE,FALSE
1629567,"Natisha","Hiedeman","Natisha Hiedeman","Marquette","USA",2019,2,18,2019,"1611661328","SEA","SEA",36,TRUE,FALSE
1631044,"Naz","Hillmon","Naz Hillmon","Michigan","USA",2022,2,15,2022,"1611661330","ATL","ATL",35,TRUE,FALSE
1628899,"Myisha","Hines-Allen","Myisha Hines-Allen","Louisville","USA",2018,2,19,2018,"1611661325","IND","IND",34,FALSE,TRUE
1629581,"Emese","Hof","Emese Hof","Miami","Netherlands",,,,2026,"1611661324","MIN","MIN",3,FALSE,FALSE
1630115,"Joyner","Holmes","Joyner Holmes","University of Texas at Austin","USA",2020,2,19,2020,"1611661328","SEA","SEA",1,FALSE,FALSE
1642307,"Mackenzie","Holmes","Mackenzie Holmes","Indiana","USA",2024,3,26,2025,"1611661328","SEA","SEA",24,FALSE,FALSE
1641651,"Jordan","Horston","Jordan Horston","Tennessee","USA",2023,1,9,2023,"1611661328","SEA","SEA",35,FALSE,FALSE
203827,"Natasha","Howard","Natasha Howard","Florida State","USA",2014,1,5,2014,"1611661324","MIN","MIN",39,TRUE,TRUE
1631009,"Rhyne","Howard","Rhyne Howard","Kentucky","USA",2022,1,1,2022,"1611661330","ATL","ATL",35,TRUE,FALSE
1631086,"Lexie","Hull","Lexie Hull","Stanford","USA",2022,1,6,2022,"1611661325","IND","IND",34,FALSE,TRUE
1629477,"Sabrina","Ionescu","Sabrina Ionescu","Oregon","USA",2020,1,1,2020,"1611661313","NYL","NYL",26,TRUE,FALSE
1642792,"Kiki","Iriafen","Kiki Iriafen","Southern California","USA",2025,1,4,2025,"1611661322","WAS","WAS",34,TRUE,FALSE
1643437,"Ashlon","Jackson","Ashlon Jackson","Duke","USA",2026,2,23,2026,"1611661323","CON","CON",18,FALSE,FALSE
1642288,"Rickea","Jackson","Rickea Jackson","Tennessee","USA",2024,1,4,2024,"1611661329","CHI","CHI",7,FALSE,FALSE
1642793,"Aziaha","James","Aziaha James","North Carolina State","USA",2025,1,12,2025,"1611661321","DAL","DAL",28,FALSE,FALSE
1643447,"Gabriela","Jaquez","Gabriela Jaquez","UCLA","USA",2026,1,5,2026,"1611661329","CHI","CHI",31,FALSE,FALSE
1642794,"Juste","Jocyte","Juste Jocyte",,"Lithuania",2025,1,5,2026,"1611661331","GSV","GSV",20,FALSE,FALSE
1629546,"Marine","Johannes","Marine Johannes","                                   ","France",,,,2019,"1611661313","NYL","NYL",35,TRUE,FALSE
1643428,"Flau'jae","Johnson","Flau'jae Johnson","Louisiana State","USA",2026,1,8,2026,"1611661328","SEA","SEA",38,TRUE,FALSE
1643433,"Raven","Johnson","Raven Johnson","South Carolina","USA",2026,1,10,2026,"1611661325","IND","IND",30,FALSE,TRUE
1643490,"Eliska","Joklova","Eliska Joklova",,"Czech Republic",,,,2026,"1611661324","MIN","MIN",19,FALSE,FALSE
1628280,"Brionna","Jones","Brionna Jones","Maryland","USA",2017,1,8,2017,"1611661330","ATL","ATL",9,FALSE,FALSE
1641650,"Haley","Jones","Haley Jones","Stanford","USA",2023,1,6,2023,"1611661321","DAL","PDX / DAL",6,FALSE,FALSE
1627673,"Jonquel","Jones","Jonquel Jones","George Washington","Bahamas",2016,1,6,2016,"1611661313","NYL","NYL",36,TRUE,FALSE
1641657,"Dorka","Juhasz","Dorka Juhasz","Connecticut","Hungary",2023,2,16,2023,"1611661324","MIN","MIN",17,FALSE,TRUE
1643420,"Laura","Juskaite","Laura Juskaite",,"Lithuania",,,,2026,"1611661332","TOR","TOR",31,TRUE,FALSE
1643457,"Teonni","Key","Teonni Key","Kentucky","USA",2026,2,22,2026,"1611661332","TOR","TOR",29,FALSE,FALSE
1642820,"Liatu","King","Liatu King","Notre Dame","USA",2025,3,28,2025,"1611661324","MIN","MIN",10,FALSE,FALSE
1643429,"Gianna","Kneepkens","Gianna Kneepkens","UCLA","USA",2026,1,15,2026,"1611661323","CON","CON",30,FALSE,FALSE
1631021,"Sika","Kone","Sika Kone","Spain","Mali",2022,3,29,2023,"1611661330","ATL","ATL",27,FALSE,FALSE
1642797,"Anastasiia Olairi","Kosu","Anastasiia Olairi Kosu",,"Russia",2025,2,15,2025,"1611661324","MIN","MIN",28,FALSE,FALSE
1630386,"Awak","Kuier","Awak Kuier","Ragusa","Finland",2021,1,2,2021,"1611661321","DAL","DAL",28,FALSE,FALSE
1642303,"Leila","Lacan","Leila Lacan",,"France",2024,1,10,2025,"1611661323","CON","CON",25,TRUE,FALSE
1629490,"Kitija","Laksa","Kitija Laksa","South Florida","Latvia",2020,1,11,2025,"1611661321","DAL","DAL",1,FALSE,FALSE
204335,"Betnijah","Laney-Hamilton","Betnijah Laney-Hamilton","Rutgers","USA",2015,2,17,2015,"1611661322","WAS","NYL / WAS",23,FALSE,FALSE
1643444,"Ta'Niya","Latson","Ta'Niya Latson","South Carolina","USA",2026,2,20,2026,"1611661319","LVA","LAS / LVA",15,FALSE,FALSE
1643449,"Charlisse","Leger-Walker","Charlisse Leger-Walker","UCLA","New Zealand",2026,2,18,2026,"1611661323","CON","CON",36,TRUE,FALSE
1642304,"Carla","Leite","Carla Leite",,"France",2024,1,9,2025,"1611661327","PDX","PDX",34,TRUE,FALSE
1642768,"Kyara","Linskens","Kyara Linskens",,"Belgium",,,,2025,"1611661317","PHX","PHX",17,FALSE,FALSE
1643440,"Darianna","Littlepage-Buggs","Darianna Littlepage-Buggs","Baylor","USA",2026,2,30,2026,"1611661322","WAS","WAS",7,FALSE,FALSE
204319,"Jewell","Loyd","Jewell Loyd","Notre Dame","USA",2015,1,1,2015,"1611661319","LVA","LVA",29,TRUE,FALSE
1629497,"Marina","Mabrey","Marina Mabrey","Notre Dame","USA",2019,2,19,2019,"1611661332","TOR","TOR",25,TRUE,FALSE
1630442,"Natasha","Mack","Natasha Mack","Oklahoma State","USA",2021,2,16,2021,"1611661317","PHX","PHX",30,FALSE,FALSE
1629496,"Ezi","Magbegor","Ezi Magbegor","Melbourne","Australia",2019,1,12,2020,"1611661328","SEA","SEA",17,FALSE,FALSE
1643473,"Taina","Mair","Taina Mair","Duke","USA",2026,1,14,2026,"1611661328","SEA","SEA",8,FALSE,FALSE
1630993,"Anneli","Maley","Anneli Maley","                                   ","Australia",,,,2022,"1611661313","NYL","PHX / NYL",9,FALSE,FALSE
1642798,"Dominique","Malonga","Dominique Malonga",,"France",2025,1,2,2025,"1611661328","SEA","SEA",31,TRUE,FALSE
1642835,"Morgan","Maly","Morgan Maly","Creighton","USA",,,,2026,"1611661329","CHI","CHI",2,FALSE,FALSE
1642796,"Rayah","Marshall","Rayah Marshall","Southern California","USA",2025,2,25,2025,"1611661323","CON","CON",5,FALSE,FALSE
1642324,"Kate","Martin","Kate Martin","Iowa","USA",2024,2,18,2024,"1611661320","LAS","LAS",18,FALSE,FALSE
203825,"Kayla","McBride","Kayla McBride","Notre Dame","USA",2014,1,3,2014,"1611661324","MIN","MIN",39,TRUE,TRUE
1629479,"Teaira","McCowan","Teaira McCowan","Mississippi State","USA",2019,1,3,2019,"1611661324","MIN","MIN",10,FALSE,FALSE
1630462,"Aari","McDonald","Aari McDonald","Arizona","USA",2021,1,3,2021,"1611661324","MIN","MIN",1,FALSE,FALSE
1643430,"Cotie","McMahon","Cotie McMahon","Mississippi","USA",2026,1,11,2026,"1611661322","WAS","WAS",34,FALSE,FALSE
1631141,"Jade","Melbourne","Jade Melbourne","                                   ","Australia",2022,3,33,2023,"1611661328","SEA","SEA",38,TRUE,FALSE
1643426,"Olivia","Miles","Olivia Miles","TCU","USA",2026,1,2,2026,"1611661324","MIN","MIN",36,TRUE,TRUE
1631263,"Nikolina","Milic","Nikolina Milic","                                   ","Bosnia and Herzegovina",,,,2022,"1611661332","TOR","TOR",7,FALSE,FALSE
1641649,"Diamond","Miller","Diamond Miller","Maryland","USA",2023,1,2,2023,"1611661323","CON","CON",36,TRUE,FALSE
1628909,"Kelsey","Mitchell","Kelsey Mitchell","Ohio State","USA",2018,1,2,2018,"1611661325","IND","IND",34,TRUE,TRUE
1643439,"Tonie","Morgan","Tonie Morgan","Kentucky","USA",2026,3,32,2026,"1611661320","LAS","LAS",6,FALSE,FALSE
1642800,"Aneesah","Morrow","Aneesah Morrow","Louisiana State","USA",2025,1,7,2025,"1611661332","TOR","CON / TOR",24,FALSE,FALSE
1643479,"Ndjakalenga","Mwenentanda","Ndjakalenga Mwenentanda","Vanderbilt","USA",,,,2026,"1611661331","GSV","GSV",5,FALSE,FALSE
1631135,"Olivia","Nelson-Ododa","Olivia Nelson-Ododa","Connecticut","USA",2022,2,19,2022,"1611661323","CON","CON",29,FALSE,FALSE
1643469,"Indya","Nivar","Indya Nivar","North Carolina","USA",2026,2,28,2026,"1611661330","ATL","ATL",20,FALSE,FALSE
1643505,"Jovana","Nogic","Jovana Nogic","Providence","Serbia",,,,2026,"1611661317","PHX","PHX",13,FALSE,FALSE
1628915,"Kia","Nurse","Kia Nurse","Connecticut","Canada",2018,1,10,2018,"1611661332","TOR","TOR",30,FALSE,FALSE
1642801,"Aaliyah","Nye","Aaliyah Nye","Alabama","USA",2025,2,13,2025,"1611661330","ATL","ATL",17,FALSE,FALSE
1643506,"Teja","Oblak","Teja Oblak",,"Slovenia",,,,2026,"1611661327","PDX","PDX",28,FALSE,FALSE
1629481,"Arike","Ogunbowale","Arike Ogunbowale","Notre Dame","USA",2019,1,5,2019,"1611661321","DAL","DAL",32,TRUE,FALSE
203014,"Nneka","Ogwumike","Nneka Ogwumike","Stanford","USA",2012,1,1,2012,"1611661320","LAS","LAS",36,TRUE,FALSE
1629539,"Amy","Okonkwo","Amy Okonkwo","TCU","USA",,,,2025,"1611661327","PDX","ATL / PDX",8,FALSE,FALSE
1643431,"Madina","Okot","Madina Okot","South Carolina","Kenya",2026,1,13,2026,"1611661330","ATL","ATL",35,FALSE,FALSE
1642802,"Lucy","Olsen","Lucy Olsen","Iowa","USA",2025,2,23,2025,"1611661322","WAS","WAS",20,FALSE,FALSE
1630446,"Michaela","Onyenwere","Michaela Onyenwere","UCLA","USA",2021,1,6,2021,"1611661322","WAS","WAS",34,TRUE,FALSE
1642803,"Michelle","Onyiah","Michelle Onyiah","California-Berkeley","USA",,,,2026,"1611661325","IND","IND",2,FALSE,FALSE
1642804,"Te-Hina","Paopao","Te-Hina Paopao","South Carolina",,2025,2,18,2025,"1611661330","ATL","ATL",30,FALSE,FALSE
1630148,"Jihyun","Park","Jihyun Park",,"South Korea",,,,2026,"1611661320","LAS","LAS",32,FALSE,FALSE
204323,"Cheyenne","Parker-Tyus","Cheyenne Parker-Tyus","Middle Tennessee","USA",2015,1,5,2015,"1611661319","LVA","LVA",21,FALSE,FALSE
1642293,"Alissa","Pili","Alissa Pili","Utah","USA",2024,1,8,2024,"1611661320","LAS","LAS",4,FALSE,FALSE
1643495,"Justine","Pissott","Justine Pissott","Vanderbilt","USA",2026,2,25,2026,"1611661319","LVA","IND / LVA",8,FALSE,FALSE
1628276,"Kelsey","Plum","Kelsey Plum","Washington","USA",2017,1,1,2017,"1611661317","PHX","LAS / PHX",18,FALSE,FALSE
1643458,"Saylor","Poffenbarger","Saylor Poffenbarger","Maryland",,,,,2026,"1611661317","PHX","CHI / PHX",5,FALSE,FALSE
1643647,"Tima","Pouye","Tima Pouye",,"France",,,,2026,"1611661332","TOR","TOR",12,FALSE,FALSE
1641695,"Ashten","Prechtel","Ashten Prechtel","Stanford","USA",2023,3,34,2026,"1611661331","GSV","GSV",12,FALSE,FALSE
1643467,"Cassandre","Prosper","Cassandre Prosper","Notre Dame","Canada",2026,2,19,2026,"1611661322","WAS","WAS",32,FALSE,FALSE
1642296,"Nyadiew","Puoch","Nyadiew Puoch","Southside","Australia",2024,1,12,2026,"1611661327","PDX","PDX",36,FALSE,FALSE
1642808,"JJ","Quinerly","JJ Quinerly","West Virginia","USA",2025,3,27,2025,"1611661321","DAL","DAL",5,FALSE,FALSE
1642291,"Angel","Reese","Angel Reese","Louisiana State","USA",2024,1,7,2024,"1611661330","ATL","ATL",35,TRUE,FALSE
1643445,"Kiki","Rice","Kiki Rice","UCLA","USA",2026,1,6,2026,"1611661332","TOR","TOR",27,FALSE,FALSE
1642809,"Saniya","Rivers","Saniya Rivers","North Carolina State","USA",2025,1,8,2025,"1611661323","CON","CON",32,TRUE,FALSE
1630387,"Iliana","Rupert","Iliana Rupert","Tango Bourges","France",2021,1,12,2022,"1611661331","GSV","GSV",1,FALSE,FALSE
1628920,"Mercedes","Russell","Mercedes Russell","Tennessee","USA",2018,2,22,2018,"1611661325","IND","IND",4,FALSE,FALSE
1631055,"Nyara","Sabally","Nyara Sabally","Oregon","Germany",2022,1,5,2023,"1611661332","TOR","TOR",19,FALSE,FALSE
1630149,"Satou","Sabally","Satou Sabally","Oregon","Germany",2020,1,2,2020,"1611661313","NYL","NYL",16,FALSE,FALSE
1642767,"Janelle","Salaun","Janelle Salaun",,"France",,,,2025,"1611661331","GSV","GSV",37,TRUE,FALSE
1628317,"Karlie","Samuelson","Karlie Samuelson","Stanford","USA",,,,2018,"1611661327","PDX","PDX",26,FALSE,FALSE
1629478,"Katie Lou","Samuelson","Katie Lou Samuelson","Connecticut","USA",2019,1,4,2019,"1611661328","SEA","SEA",31,FALSE,FALSE
1642810,"Madison","Scott","Madison Scott","Mississippi","USA",2025,2,14,2025,"1611661313","NYL","NYL",1,FALSE,FALSE
1642292,"Jacy","Sheldon","Jacy Sheldon","Ohio State","USA",2024,1,5,2024,"1611661329","CHI","CHI",36,TRUE,FALSE
1629491,"Jessica","Shepard","Jessica Shepard","Notre Dame","USA",2019,2,16,2019,"1611661321","DAL","DAL",30,TRUE,FALSE
1642320,"Jaylyn","Sherrod","Jaylyn Sherrod","Colorado","USA",,,,2024,"1611661330","ATL","ATL",8,FALSE,FALSE
1641652,"Maddy","Siegrist","Maddy Siegrist","Villanova","USA",2023,1,3,2023,"1611661321","DAL","DAL",30,FALSE,FALSE
203824,"Odyssey","Sims","Odyssey Sims","Baylor","USA",2014,1,2,2014,"1611661321","DAL","DAL",25,FALSE,FALSE
1630154,"Kamiah","Smalls","Kamiah Smalls","James Madison","USA",2020,3,28,2020,"1611661327","PDX","PDX",1,FALSE,FALSE
1629501,"Alanna","Smith","Alanna Smith","Stanford","Australia",2019,1,8,2019,"1611661321","DAL","DAL",24,FALSE,FALSE
1631019,"NaLyssa","Smith","NaLyssa Smith","Baylor","USA",2022,1,2,2022,"1611661319","LVA","LVA",28,TRUE,FALSE
1631039,"Miela","Sowah","Miela Sowah","Duke","Australia",,,,2026,"1611661331","GSV","GSV",8,FALSE,FALSE
1628922,"Azura","Stevens","Azura Stevens","Connecticut","USA",2018,1,6,2018,"1611661329","CHI","CHI",27,FALSE,FALSE
1627668,"Breanna","Stewart","Breanna Stewart","Connecticut","USA",2016,1,1,2016,"1611661313","NYL","NYL",35,TRUE,FALSE
204329,"Kiah","Stokes","Kiah Stokes","Connecticut","USA",2015,1,11,2015,"1611661331","GSV","GSV",38,TRUE,FALSE
1643438,"Marta","Suarez","Marta Suarez","TCU","Spain",2026,2,16,2026,"1611661317","PHX","PHX",15,FALSE,FALSE
1630134,"Sug","Sutton","Sug Sutton","University of Texas at Austin","USA",2020,3,36,2020,"1611661321","DAL","PDX / DAL",17,FALSE,FALSE
1628279,"Brittney","Sykes","Brittney Sykes","Syracuse","USA",2017,1,7,2017,"1611661332","TOR","TOR",13,FALSE,FALSE
203855,"Stephanie","Talbot","Stephanie Talbot","Adelaide","Australia",2014,3,33,2017,"1611661319","LVA","LVA",31,FALSE,FALSE
1642321,"Sydney","Taylor","Sydney Taylor","Louisville","USA",,,,2026,"1611661329","CHI","CHI",30,FALSE,FALSE
1642814,"Taylor","Thierry","Taylor Thierry","Ohio State","USA",2025,3,36,2025,"1611661328","SEA","SEA",19,FALSE,FALSE
203826,"Alyssa","Thomas","Alyssa Thomas","Maryland","USA",2014,1,4,2014,"1611661317","PHX","PHX",35,TRUE,FALSE
203866,"Kayla","Thornton","Kayla Thornton","Texas-El Paso","USA",,,,2015,"1611661331","GSV","GSV",39,TRUE,FALSE
1642815,"Makayla","Timpson","Makayla Timpson","Florida State","USA",2025,2,19,2025,"1611661325","IND","IND",33,FALSE,TRUE
1629488,"Brianna","Turner","Brianna Turner","Notre Dame","USA",2019,1,11,2019,"1611661319","LVA","LVA",29,FALSE,FALSE
1642817,"Hailey","Van Lith","Hailey Van Lith","TCU","USA",2025,1,11,2025,"1611661323","CON","CON",23,FALSE,FALSE
202664,"Courtney","Vandersloot","Courtney Vandersloot","Gonzaga","USA",2011,1,3,2011,"1611661329","CHI","CHI",21,FALSE,FALSE
1642210,"Julie","Vanloo","Julie Vanloo",,"Belgium",,,,2024,"1611661313","NYL","NYL",4,FALSE,FALSE
1643453,"Grace","VanSlooten","Grace VanSlooten","Michigan State","USA",2026,3,39,2026,"1611661325","IND","SEA / IND",18,FALSE,FALSE
1643424,"Costanza","Verona","Costanza Verona",,"Italy",,,,2026,"1611661321","DAL","DAL",1,FALSE,FALSE
1628278,"Shatori","Walker-Kimbrough","Shatori Walker-Kimbrough","Maryland","USA",2017,1,6,2017,"1611661330","ATL","IND / ATL",11,FALSE,FALSE
1642818,"Maddy","Westbeld","Maddy Westbeld","Notre Dame","USA",2025,2,16,2025,"1611661317","PHX","CHI / PHX",6,FALSE,FALSE
204365,"Erica","Wheeler","Erica Wheeler","Rutgers","USA",,,,2015,"1611661320","LAS","LAS",37,TRUE,FALSE
1628244,"Sami","Whitcomb","Sami Whitcomb","Washington","Australia",,,,2017,"1611661317","PHX","PHX",18,FALSE,FALSE
1631090,"Christyn","Williams","Christyn Williams","Connecticut","USA",2022,2,14,2025,"1611661321","DAL","DAL",1,FALSE,FALSE
1627675,"Courtney","Williams","Courtney Williams","South Florida","USA",2016,1,8,2016,"1611661324","MIN","MIN",38,TRUE,TRUE
204322,"Elizabeth","Williams","Elizabeth Williams","Duke","United Kingdom",2015,1,4,2015,"1611661329","CHI","CHI",36,FALSE,FALSE
1628931,"Gabby","Williams","Gabby Williams","Connecticut","USA",2018,1,4,2018,"1611661331","GSV","GSV",37,TRUE,FALSE
1630461,"Kiana","Williams","Kiana Williams","Stanford","USA",2021,2,18,2021,"1611661332","TOR","PHX / LAS / TOR",23,FALSE,FALSE
1630138,"Peyton","Williams","Peyton Williams","Kansas State","USA",,,,2026,"1611661317","PHX","PHX",1,FALSE,FALSE
1643436,"Serah","Williams","Serah Williams","Connecticut","Canada",2026,3,33,2026,"1611661327","PDX","PDX",32,FALSE,FALSE
1628932,"A'ja","Wilson","A'ja Wilson","South Carolina","USA",2018,1,1,2018,"1611661319","LVA","LVA",30,TRUE,FALSE
1642775,"Alex","Wilson","Alex Wilson",,"Australia",,,,2026,"1611661322","WAS","WAS",4,FALSE,FALSE
1641683,"Holly","Winterburn","Holly Winterburn","Oregon","United Kingdom",,,,2026,"1611661327","PDX","ATL / PDX",25,FALSE,FALSE
1642769,"Mai","Yamamoto","Mai Yamamoto",,"Japan",,,,2026,"1611661319","LVA","LVA",8,FALSE,FALSE
1629498,"Jackie","Young","Jackie Young","Notre Dame","USA",2019,1,1,2019,"1611661319","LVA","LVA",31,TRUE,FALSE
1629574,"Li","Yueru","Li Yueru","                                   ","China",2019,3,35,2022,"1611661321","DAL","DAL",25,FALSE,FALSE
1628508,"Cecilia","Zandalasini","Cecilia Zandalasini","PF Schio","Italy",,,,2017,"1611661331","GSV","GSV",34,FALSE,FALSE
1643461,"Laura","Ziegler","Laura Ziegler","Louisville","USA",,,,2026,"1611661320","LAS","LAS",4,FALSE,FALSE
